Réseaux en fibre optique jusqu'à l'abonné (FttH),,,
Informations à l'échelle de l'EPCI,,,
,,,
,,,
Siren EPCI,Nom EPCI,Logements,Établissements
200000172,CC Faucigny-Glières, 12 394    , 722    
200000438,CC du Pays de Pontchâteau Saint-Gildas-des-Bois, 15 298    , 603    
200000545,CC des Portes de Romilly-sur-Seine, 9 632    , 462    
200000628,CC Rhône Lez Provence, 11 674    , 659    
200000800,CC Coeur de Sologne, 6 810    , 302    
200000925,CC de la Plaine Dijonnaise, 8 949    , 364    
200000933,CC Sauldre et Sologne, 9 038    , 430    
200004802,CC du Pays de Fayence, 17 581    , 792    
200005932,CC des Portes de Sologne, 7 464    , 323    
200005957,CC de la Région de Rambervillers, 6 665    , 343    
200006682,"CA Beaune, Côte et Sud - Communauté Beaune-Chagny-Nolay", 28 095    , 2 437    
200006716,CC du Nogentais, 8 428    , 461    
200006930,CC du Haut-Allier, 4 510    , 211    
200006971,CC du Perche, 10 782    , 629    
200007052,CC de la Marche Berrichonne, 4 630    , 170    
200007177,CC Pays de Nérondes, 3 070    , 132    
200010650,CA du Grand Dole, 27 226    , 1 483    
200010700,CA Caux Seine Agglo, 33 871    , 1 624    
200011773,CA Annemasse-les Voirons-Agglomération, 45 711    , 2 193    
200011781,CC Portes du Berry entre Loire et Val d'Aubois, 5 639    , 195    
200012060,CC Petite Montagne, 4 282    , 147    
200013050,CC Sauer-Pechelbronn, 8 229    , 346    
200015162,CC de l'Oriente, 6 171    , 273    
200016905,CC du Pays de Lamastre, 5 049    , 190    
200017341,CC Lodévois et Larzac, 9 100    , 423    
200017846,CA Étampois Sud-Essonne, 23 837    , 1 260    
200018083,CC de Desvres-Samer, 9 516    , 480    
200018166,CC Le Grésivaudan, 50 527    , 2 485    
200018406,CC du Romorantinais et du Monestois, 17 742    , 886    
200018521,CC du Val de Bouzanne, 3 925    , 182    
200018653,CA Cap Excellence, 54 955    , 5 369    
200022986,CC du Grand Pic Saint-Loup, 20 650    , 1 144    
200023075,CC du Pays de Maîche, 9 730    , 405    
200023125,CC Les Portes Briardes entre Villes et Forêts, 18 474    , 1 100    
200023240,CC Pays de Nemours, 14 516    , 706    
200023299,CC Coeur de Tarentaise, 18 365    , 787    
200023307,CA du Grand Villeneuvois, 25 618    , 1 445    
200023372,CC de la Vallée de Chamonix-Mont-Blanc, 19 388    , 894    
200023414,Métropole Rouen Normandie, 248 439    , 12 468    
200023620,CC de la Gascogne Toulousaine, 8 648    , 503    
200023737,CA du Grand Cahors, 24 721    , 1 572    
200023778,CC du Pays de Saint-Gilles-Croix-de-Vie, 47 610    , 1 342    
200023794,CC de Blaye, 10 617    , 621    
200023919,CC Gâtinais Val de Loing, 9 424    , 406    
200026573,CC Haut-Jura Saint-Claude, 12 606    , 632    
200027027,CC Arc Sud Bretagne, 18 385    , 760    
200027076,CC Arnon Boischaut Cher, 5 014    , 184    
200027100,CC Méditerranée Porte des Maures, 40 435    , 1 446    
200027183,CU Perpignan Méditerranée Métropole, 167 079    , 7 979    
200027217,CC Sarlat-Périgord Noir, 10 776    , 820    
200027308,CC d'Auberive Vingeanne et Montsaugeonnais, 5 094    , 249    
200027548,CC des Savanes, 10 106    , 658    
200029734,CC des 4B Sud Charente, 10 714    , 750    
200029999,CC Rives de l'Ain - Pays du Cerdon, 7 432    , 303    
200030195,Métropole Nice Côte d'Azur, 353 178    , 19 786    
200030385,CA de Blois Agglopolys, 54 562    , 3 189    
200030435,CC d'Aire-sur-l'Adour, 7 256    , 498    
200030526,CC du Ried de Marckolsheim, 8 496    , 408    
200030633,CC du Caudrésis et du Catésis, 29 741    , 1 323    
200030658,CC du Trièves, 7 400    , 312    
200030674,CA Val de Garonne Agglomération, 31 329    , 1 966    
200032514,CC Berry-Loire-Vauvise, 3 802    , 132    
200033025,CA de Bar-le-Duc - Sud Meuse, 19 252    , 1 054    
200033090,CC Plaines et Monts de France, 8 772    , 451    
200033116,CC Cluses-Arve et Montagnes, 27 827    , 1 660    
200033173,CC de la Haute Vallée de Chevreuse, 10 813    , 457    
200033181,CA Chartres Métropole, 65 217    , 3 791    
200033207,CC Vierzon-Sologne-Berry, 18 271    , 851    
200033298,CC des Coëvrons, 14 358    , 638    
200033579,CU d'Arras, 52 148    , 3 082    
200033827,CC de Fium'orbu Castellu, 9 986    , 451    
200033868,CC des Ballons des Hautes-Vosges, 9 375    , 357    
200034023,CC Tarn-Agout, 13 720    , 811    
200034031,CC des Monts d'Alban et du Villefranchois, 3 972    , 163    
200034049,CC Centre Tarn, 5 724    , 280    
200034056,CC du Lautrécois et du Pays d'Agout, 6 723    , 347    
200034064,CC du Cordais et du Causse (4 C), 3 616    , 159    
200034098,CC des Montagnes du Giffre, 15 008    , 496    
200034130,CC Gally Mauldre, 9 093    , 550    
200034197,CC de Montaigne Montravel et Gurson, 6 455    , 304    
200034205,CC de la Costa Verde, 9 558    , 372    
200034270,CC du Pays de Barr, 11 662    , 777    
200034379,CC Pays d'Uzès, 16 978    , 907    
200034411,CC du Piémont Cévenol, 12 338    , 554    
200034601,CC Causses Aigoual Cévennes, 6 863    , 172    
200034635,CC du Kochersberg, 10 421    , 593    
200034692,CA du Gard Rhodanien, 37 674    , 1 868    
200034700,CA Durance-Lubéron-Verdon Agglomération, 37 485    , 2 035    
200034718,"CC de Vitry, Champagne et Der", 12 887    , 707    
200034726,CC Bastides de Lomagne, 5 967    , 283    
200034825,CA du Grand Guéret, 17 410    , 976    
200034833,CC des Bastides Dordogne-Périgord, 12 659    , 563    
200034874,CC Côtes de Meuse Woëvre, 3 324    , 156    
200034882,CC Pays du Mont-Blanc, 45 995    , 2 077    
200034957,CC du Frontonnais, 10 583    , 687    
200035087,CA Terre de Provence, 27 774    , 1 866    
200035103,CC de la Vallée de la Haute-Sarthe, 4 545    , 217    
200035111,CC des Sources de l'Orne, 6 509    , 367    
200035129,CC de Cèze Cévennes, 14 085    , 462    
200035137,CC Marche Occitane - Val d'Anglin, 5 740    , 212    
200035202,CC Charlieu-Belmont, 12 215    , 613    
200035319,CA Var Esterel Méditerranée (Cavem), 95 222    , 4 201    
200035327,CC Cazals-Salviac, 3 915    , 136    
200035442,CC du Sud-Artois, 11 755    , 690    
200035459,CA d'Agen, 50 788    , 3 303    
200035533,CC du Grand Saint-Émilionnais, 7 790    , 1 054    
200035541,CC des Landes d'Armagnac, 6 282    , 327    
200035632,CC Armagnac Adour, 3 985    , 307    
200035665,CA Seine Eure, 30 897    , 1 587    
200035707,CC Piège Lauragais Malepère, 8 652    , 388    
200035715,CA Carcassonne Agglo, 61 084    , 3 436    
200035723,CC Ventoux Sud, 5 791    , 183    
200035731,CA Roannais Agglomération, 54 102    , 2 867    
200035756,CC Astarac Arros en Gascogne, 3 933    , 215    
200035764,CC de la Beauce Loirétaine, 7 001    , 364    
200035772,CC du Pays du Saintois, 6 712    , 349    
200035814,CA Flers Agglo, 29 023    , 1 422    
200035848,CC du Châtillonnais en Berry, 3 965    , 205    
200035855,CC Castelnaudary Lauragais Audois, 13 254    , 770    
200035863,"CC Région Lézignanaise, Corbières et Minervois", 19 667    , 895    
200035970,CC Vexin Centre, 10 206    , 669    
200036069,CC du Pays de Mortagne-au-Perche, 8 528    , 492    
200036077,CC du Golfe de Saint-Tropez, 71 267    , 3 415    
200036135,CC Coeur de France, 11 513    , 578    
200036150,CC des Hauts du Val de Saône, 5 864    , 278    
200036465,CC de Thann-Cernay, 17 578    , 1 017    
200036473,CA de Saintes, 31 844    , 1 932    
200036499,CC de Marana-Golo, 12 422    , 1 081    
200036523,CC des Bastides en Haut-Agenais Périgord, 10 757    , 564    
200036549,CC Val de Gray, 10 816    , 626    
200036572,CC Porte d'Aquitaine en Pays de Serres, 2 915    , 110    
200037059,CC de la Haute Somme (Combles - Péronne - Roisel), 13 704    , 787    
200037133,CC du Provinois, 16 313    , 920    
200038958,CC de la Pieve de l'Ornano, 13 143    , 451    
200038990,CC de Saint-Méen Montauban, 11 643    , 594    
200039022,CA Vitré Communauté, 34 897    , 2 092    
200039055,CC Ouche et Montagne, 5 292    , 197    
200039063,"CC Forêts, Seine et Suzon", 3 274    , 153    
200039204,CC de Lacq-Orthez, 26 189    , 1 555    
200039519,CC du Quercy Blanc, 5 179    , 215    
200039642,CC Le Tonnerrois en Bourgogne, 10 876    , 498    
200039709,CC du Serein, 5 090    , 199    
200039758,"CC Avallon, Vézelay, Morvan", 13 337    , 693    
200039808,CC des Gorges de l'Ardèche, 13 066    , 487    
200039824,CC Ardèche des Sources et Volcans, 7 837    , 208    
200039832,CC Pays des Vans en Cévennes, 7 934    , 302    
200039857,CA du Pays de Grasse, 53 336    , 3 030    
200039865,Metz Métropole, 113 955    , 6 669    
200039907,CC du Sud Messin, 6 529    , 350    
200039915,CA Cannes Pays de Lérins, 132 370    , 7 129    
200039931,CC Alpes d'Azur, 11 157    , 291    
200039949,CC Rives de Moselle, 23 234    , 1 569    
200040038,CC Saône Doubs Bresse, 6 004    , 212    
200040095,CC Isle Vern Salembre en Périgord, 10 031    , 348    
200040111,CC Coeur de Chartreuse, 9 361    , 409    
200040137,CC des Lacs de Champagne, 5 381    , 275    
200040178,CC de l'Outre-Forêt, 7 229    , 385    
200040202,CC Provence Verdon, 13 231    , 381    
200040210,CC Lacs et Gorges du Verdon, 7 761    , 251    
200040244,CA du Bocage Bressuirais, 34 222    , 2 007    
200040251,CC Bassée-Montois, 11 602    , 475    
200040277,CA du Pays de Dreux, 52 079    , 2 655    
200040293,CC du Clunisois, 8 859    , 428    
200040350,CC Bugey Sud, 18 407    , 862    
200040384,CC Isle Double Landais, 6 728    , 282    
200040392,CA Le Grand Périgueux, 56 512    , 3 421    
200040400,CC du Pays Ribéracois, 13 095    , 564    
200040418,CC du Pays de Serres en Quercy, 5 809    , 278    
200040426,CC du Val de l'Oise, 7 511    , 304    
200040442,CA Luberon Monts de Vaucluse, 29 456    , 1 880    
200040459,CA Montélimar Agglomération, 32 243    , 2 229    
200040475,CC Loué - Brûlon - Noyen, 8 985    , 413    
200040491,CC Porte de Drômardèche, 21 758    , 1 127    
200040509,CC du Crestois et de Pays de Saillans Coeur de Drôme, 8 407    , 541    
200040558,CC Écueillé-Valençay, 7 720    , 384    
200040566,CA de l'Ouest Rhodanien, 26 615    , 1 452    
200040574,CC Beaujolais Pierres Dorées, 21 310    , 1 323    
200040590,CA Villefranche Beaujolais Saône, 34 308    , 2 611    
200040624,CC Pays d'Apt-Luberon, 20 425    , 1 004    
200040657,CC de la Matheysine, 13 011    , 472    
200040681,CC Enclave des Papes-Pays de Grignan, 13 003    , 725    
200040715,Métropole Grenoble-Alpes-Métropole, 227 085    , 13 036    
200040764,CC du Sud Corse, 20 909    , 1 304    
200040772,CC du Perche et Haut Vendômois, 5 729    , 236    
200040798,CC Val Vanoise, 22 199    , 1 027    
200040814,CC Briance Sud Haute Vienne, 5 170    , 215    
200040830,CC du Pays de Fénelon, 6 738    , 283    
200040889,CC de Portes Sud Périgord, 5 492    , 254    
200040905,CC Carmausin-Ségala, 16 763    , 614    
200040947,CC de Flandre Intérieure, 43 450    , 2 471    
200040954,CC des Hauts de Flandre, 22 437    , 1 101    
200041010,CC Coeur de Savoie, 17 290    , 1 019    
200041051,CC Vallée de la Dordogne et Forêt Bessède, 6 630    , 305    
200041150,CC du Terrassonnais en Périgord Noir Thenon Hautefort, 14 092    , 631    
200041168,CC de la Vallée de l'Homme, 11 675    , 574    
200041283,CC de la Plaine du Rhin, 8 691    , 360    
200041317,CA du Niortais, 62 035    , 3 442    
200041325,CC du Pays Rhénan, 15 791    , 797    
200041333,CC de Parthenay-Gâtine, 20 113    , 1 129    
200041366,CC Rhône Crussol, 16 240    , 851    
200041416,CC Airvaudais-Val du Thouet, 4 000    , 192    
200041440,CC de Domme - Villefranche du Périgord, 6 937    , 297    
200041465,CC Val Eyrieux, 10 558    , 393    
200041499,CC Aunis Atlantique, 13 442    , 572    
200041507,CA La Riviera du Levant, 41 487    , 1 360    
200041515,CC du Bassin de Pont-à-Mousson, 18 838    , 909    
200041523,CC de la Haute-Saintonge, 38 367    , 2 312    
200041556,CC Portes de la Creuse en Marche, 5 266    , 149    
200041572,CC Dronne et Belle, 7 451    , 334    
200041614,CC Aunis Sud, 14 779    , 723    
200041622,CC Ardennes Thiérache, 5 074    , 233    
200041630,CA Ardenne Métropole, 63 432    , 3 399    
200041689,CC Vals de Saintonge, 31 141    , 1 624    
200041721,CC de la Haute Comté, 10 134    , 389    
200041762,CA Rochefort Océan, 36 905    , 1 677    
200041788,CA du Pays Nord Martinique, 54 338    , 1 982    
200041853,CC du Pays de Montbozon et du Chanois, 3 157    , 118    
200041861,CC du Triangle Vert, 5 220    , 182    
200041879,CC Terres de Saône, 6 800    , 236    
200041887,CC du Val Marnaysien, 6 470    , 237    
200041960,CC Pévèle-Carembault, 38 638    , 1 893    
200041994,CC Haut Val de Sèvre, 13 890    , 646    
200042000,CC Bruyères-Vallons des Vosges, 7 818    , 349    
200042174,CA Lorient Agglomération, 111 794    , 5 468    
200042182,CC du Mont des Avaloirs, 10 280    , 424    
200042190,CA de la Porte du Hainaut, 68 387    , 2 474    
200042372,CC des Coteaux Arrats Gimone, 5 464    , 331    
200042414,CC Bresse Revermont 71, 5 687    , 220    
200042463,CC de la Montagne Noire, 4 414    , 115    
200042497,CC Dombes Saône Vallée, 14 729    , 812    
200042604,"CC de Granville, Terre et Mer", 32 374    , 1 354    
200042620,CC de la Région de Suippes, 3 274    , 203    
200042646,CC Grand Orb CC en Languedoc, 15 472    , 540    
200042653,CC Sud-Hérault, 10 683    , 444    
200042703,CC de l'Argonne Champenoise, 6 590    , 411    
200042729,CC de la Baie du Cotentin, 12 503    , 646    
200042901,CC Drôme Sud Provence, 19 944    , 1 232    
200042935,CA Haut - Bugey Agglomération, 27 732    , 1 887    
200042943,CC du Cap Corse, 7 561    , 202    
200042992,CC Perthois-Bocage et Der, 3 040    , 143    
200043016,CC Val de Charente, 8 777    , 458    
200043065,CC du Val d'Amboise, 13 906    , 781    
200043081,"CC Chinon, Vienne et Loire", 13 020    , 758    
200043123,CC Auray Quiberon Terre Atlantique, 66 486    , 2 624    
200043156,CC du Pays Rethélois, 13 984    , 862    
200043172,CA du Bassin de Brive, 59 560    , 3 392    
200043263,CC Coeur de l'Avesnois, 14 504    , 660    
200043321,CC du Pays de Mormal, 21 590    , 880    
200043354,CC de Villedieu Intercom, 8 987    , 451    
200043396,CA Maubeuge Val de Sambre, 56 883    , 2 223    
200043404,CC du Sud Avesnois, 12 576    , 474    
200043438,CC de la Moivre à la Coole, 3 988    , 246    
200043495,CA du Pays de Laon, 21 903    , 1 209    
200043602,"CC des Albères, de la Côte Vermeille et de l'Illibéris", 48 267    , 1 614    
200043628,CC des Vallées du Clain, 11 165    , 465    
200043693,CC Terre Lorraine du Longuyonnais, 7 592    , 235    
200043776,CC Pyrénées Audoises, 13 321    , 412    
200043974,CC du Sud Gironde, 18 770    , 1 178    
200043982,CC du Bazadais, 8 297    , 411    
200043990,CC Vallons de Haute-Bretagne Communauté, 19 582    , 766    
200044014,CC Creuse Grand Sud, 9 510    , 426    
200044030,CC des Sept Vallées, 15 213    , 801    
200044048,CC Osartis Marquion, 17 948    , 765    
200044253,CC du Bassin de Joinville en Champagne, 7 475    , 314    
200044394,CC du Réolais en Sud Gironde, 11 567    , 713    
200044469,CC du Pays de Mirepoix, 6 369    , 269    
200044618,CA du Douaisis (C.A.D.), 68 171    , 3 060    
200044691,CA du Nord Grande Terre, 31 278    , 997    
200046977,Métropole de LYON, 674 705    , 44 386    
200048551,CC du Pays de Craon, 13 463    , 747    
200049187,CA du Grand Verdun, 14 987    , 957    
200049211,CC Conflent-Canigó, 16 306    , 540    
200049484,CC Berry Grand Sud, 9 114    , 364    
200050532,CC de Petite-Terre, 6 266    , -    
200054781,Métropole du Grand Paris, 3 498 707    , 272 399    
200054807,Métropole d'Aix-Marseille-Provence, 911 652    , 54 899    
200055481,CC Beauce Val de Loire, 10 032    , 458    
200055655,CA Roissy Pays de France, 128 175    , 8 345    
200055887,CC Mayenne Communauté, 18 898    , 976    
200056232,CA Communauté Paris-Saclay, 132 272    , 7 741    
200056380,CA Plaine Vallée, 77 290    , 3 854    
200057859,CA Coeur d'Essonne Agglomération, 78 909    , 3 835    
200057958,CA Paris - Vallée de la Marne, 90 497    , 5 025    
200058360,CC Entre Beauce et Perche, 9 882    , 448    
200058477,CA Val d'Yerres Val de Seine, 73 056    , 2 768    
200058485,CA Val Parisis, 110 117    , 5 247    
200058519,CA Saint-Germain Boucles de Seine, 147 738    , 7 775    
200058782,CA de Saint-Quentin-en-Yvelines, 92 132    , 5 456    
200059228,CA Grand Paris Sud Seine Essonne Sénart, 136 102    , 7 756    
200059392,CC Bièvre Isère, 24 511    , 1 255    
200059400,CC Porte Océane du Limousin, 14 277    , 667    
200059871,CC du Centre-Ouest, 12 217    , -    
200059889,CU Grand Paris Seine et Oise, 168 215    , 7 975    
200060010,CA Mauges Communauté, 51 568    , 2 922    
200060457,CA de Dembeni / Mamoudzou, 19 345    , -    
200060465,CC du Nord de Mayotte, 13 799    , -    
200060473,CC du Sud, 8 449    , -    
200065563,CC Normandie-Cabourg-Pays d'Auge, 32 530    , 949    
200065589,CC Val Ès Dunes, 6 959    , 350    
200065597,CU Caen la Mer, 136 956    , 8 475    
200065647,CA Pays de Montbéliard Agglomération, 68 438    , 2 991    
200065787,CC de Pont-Audemer / Val de Risle, 13 999    , 733    
200065886,CA Loire Forez Agglomération Lfa, 54 158    , 2 674    
200065894,CC de Forez-Est, 30 364    , 1 659    
200065928,CA Lannion-Trégor Communauté, 67 562    , 2 807    
200066009,CA Mulhouse Alsace Agglomération, 131 907    , 7 219    
200066017,CC Lieuvin Pays d'Auge, 10 196    , 490    
200066025,CC Pays Rhin - Brisach, 14 144    , 565    
200066033,CC Sud Alsace Largue, 9 633    , 491    
200066041,CC Sundgau, 22 032    , 1 119    
200066058,CA Saint-Louis Agglomération, 37 423    , 1 636    
200066108,CC Haute Saulx et Perthois-Val d'Ornois, 8 733    , 341    
200066116,CC Argonne-Meuse, 4 024    , 170    
200066124,CA Gaillac-Graulhet, 35 672    , 1 918    
200066132,CC du Pays de Stenay et du Val Dunois, 5 870    , 251    
200066140,CC de l'Aire à l'Argonne, 3 514    , 193    
200066157,CC de Commercy - Void - Vaucouleurs, 11 784    , 579    
200066165,CC Val de Meuse - Voie Sacrée, 4 029    , 162    
200066173,CC de Damvillers Spincourt, 4 066    , 167    
200066223,CC Arize Lèze, 6 513    , 256    
200066231,CC des Portes d'Ariège Pyrénées, 19 819    , 1 166    
200066280,CC du Pithiverais, 14 223    , 744    
200066322,CC Terres des Confluences, 19 110    , 1 063    
200066330,CC Terres du Haut-Berry, 12 798    , 536    
200066348,CC Minervois Saint-Ponais Orb-Jaur, 12 207    , 450    
200066355,CA du Bassin de Thau, 83 520    , 3 464    
200066363,CC de la Haute Ariège, 12 095    , 333    
200066371,CC Causses et Vallée de la Dordogne, 31 039    , 1 518    
200066389,CA Saint-Lô Agglo, 38 448    , 2 146    
200066405,CC Roumois Seine, 21 800    , 943    
200066413,CC Intercom Bernay Terres de Normandie, 29 427    , 1 543    
200066462,CC Interco Normandie Sud Eure, 21 780    , 1 003    
200066512,CC Élan Limousin Avenir Nature, 15 345    , 490    
200066520,CC Ouest Limousin, 8 183    , 245    
200066553,CC des Monts de Lacaune et de la Montagne du Haut Languedoc, 8 563    , 304    
200066561,CC Sidobre Vals et Plateaux, 8 250    , 433    
200066587,CC des Monts du Lyonnais, 16 063    , 924    
200066603,CC du Pays de Lubersac-Pompadour, 4 939    , 271    
200066637,CC Hautes Terres, 11 671    , 478    
200066645,CC Vézère-Monédières-Millesources, 4 916    , 133    
200066652,CC Grand Sud Tarn et Garonne, 17 983    , 740    
200066660,CC de Saint-Flour, 16 189    , 875    
200066678,CC de la Châtaigneraie Cantalienne, 13 872    , 624    
200066710,CC Cingal-Suisse Normande, 10 599    , 472    
200066728,CC Vallées de l'Orne et de l'Odon, 9 277    , 363    
200066744,CC Haute-Corrèze Communauté, 25 171    , 1 084    
200066751,CC Xaintrie Val'dordogne, 8 801    , 330    
200066769,CC Midi Corrézien, 9 345    , 354    
200066777,CC Ploërmel Communauté, 23 848    , 1 147    
200066785,CC de l'Oust à Brocéliande Communauté, 20 747    , 907    
200066793,CA du Grand Annecy, 100 635    , 7 205    
200066801,CC Isigny-Omaha Intercom, 15 346    , 710    
200066819,CC du Volvestre, 13 528    , 696    
200066827,CC du Pays de Honfleur-Beuzeville, 16 852    , 903    
200066835,CC de Sézanne-Sud Ouest Marnais, 12 042    , 723    
200066850,CC des Paysages de la Champagne, 11 328    , 1 284    
200066868,CC Presqu'île de Crozon-Aulne Maritime, 17 510    , 598    
200066876,CA de Châlons-en-Champagne, 38 422    , 2 045    
200066884,CC Quercy Vert-Aveyron, 10 067    , 413    
200066892,CC de Vendeuvre-Soulaines, 4 045    , 264    
200066918,CA Alès Agglomération, 72 553    , 3 457    
200066926,CA Grand Auch Coeur de Gascogne, 21 463    , 1 498    
200066975,CC Senlis Sud Oise, 11 635    , 834    
200067023,CC Coutances Mer et Bocage, 31 603    , 1 471    
200067031,CC Côte Ouest Centre Manche, 15 371    , 661    
200067049,CC Spelunca-Liamone, 11 155    , 323    
200067064,CC Decazeville Communauté, 12 705    , 509    
200067072,CC Haut-Léon Communauté, 21 128    , 1 036    
200067080,"CC Chablis, Villages et Terroirs", 9 473    , 712    
200067106,CA du Pays Basque, 192 104    , 10 937    
200067114,CA de l'Auxerrois, 35 911    , 2 376    
200067122,CC Coteaux et Plaines du Pays Lafrançaisain, 5 004    , 215    
200067130,CC de Puisaye-Forterre, 24 823    , 1 015    
200067155,"CC Saint Affricain, Roquefort, Sept Vallons", 8 938    , 493    
200067163,"CC Monts, Rance et Rougier", 5 548    , 240    
200067171,"CC Aubrac, Carladez et Viadène", 8 671    , 480    
200067189,CC Creuse Sud Ouest, 11 328    , 413    
200067197,CC Monts d'Arrée Communauté, 6 327    , 190    
200067205,CA du Cotentin, 101 523    , 4 402    
200067213,CU du Grand Reims, 148 275    , 8 808    
200067221,CC Centre Morbihan Communauté, 21 806    , 1 082    
200067239,CC des Luys en Béarn, 12 190    , 944    
200067247,CC Pleyben-Châteaulin-Porzay, 13 435    , 656    
200067254,CA Pau Béarn Pyrénées, 91 166    , 5 349    
200067262,CC du Haut-Béarn, 19 844    , 979    
200067288,CC du Béarn des Gaves, 10 119    , 504    
200067296,CC du Nord Est Béarn, 14 720    , 799    
200067304,CC Serein et Armance, 12 890    , 529    
200067320,CC Serre-Ponçon Val d'Avance, 4 187    , 159    
200067346,CA Pornic Agglo Pays de Retz, 39 987    , 1 441    
200067361,CC Grand-Figeac, 28 527    , 1 303    
200067379,CC Côtes de Champagne et Val de Saulx, 5 970    , 265    
200067429,CC Haut Nivernais-Val d'Yonne, 9 648    , 416    
200067437,CA Provence-Alpes-Agglomération, 31 556    , 1 474    
200067445,CC Buëch-Dévoluy, 10 452    , 313    
200067452,CC du Guillestrois et du Queyras, 16 156    , 561    
200067460,CC Loudéac Communauté - Bretagne Centre, 28 968    , 1 497    
200067478,CC Comtal Lot et Truyère, 12 530    , 659    
200067486,CC Bouzonvillois-Trois Frontières, 11 426    , 421    
200067502,CA Saint-Avold Synergie, 26 091    , 1 367    
200067510,CC Monts et Vallées Ouest Creuse, 18 421    , 710    
200067544,CC Creuse Confluence, 12 547    , 480    
200067551,CA Thonon Agglomération, 43 997    , 2 330    
200067593,"CC Chénérailles, Auzances/Bellegarde et Haut Pays Marchois", 11 448    , 392    
200067627,CC Billom Communauté, 12 265    , 421    
200067635,CA Clisson Sèvre et Maine Agglo, 21 879    , 1 321    
200067643,"CC Meurthe, Mortagne, Moselle", 7 455    , 330    
200067650,CC Houve-Pays Boulageois, 10 283    , 358    
200067668,"CC de la Cléry, du Betz et de l'Ouanne", 12 562    , 462    
200067676,CC Canaux et Forêts en Gâtinais, 15 887    , 598    
200067684,"CA Épernay, Coteaux et Plaine de Champagne", 25 151    , 2 222    
200067692,CC Tannay-Brinon-Corbigny, 9 138    , 338    
200067700,CC Sud Nivernais, 12 613    , 472    
200067742,CC Serre-Ponçon, 17 275    , 603    
200067759,CC Vallées et Plateau d'Ardenne, 12 520    , 490    
200067767,CC du Royans-Vercors, 6 058    , 288    
200067783,CC de Hanau-la Petite Pierre, 13 035    , 691    
200067791,CA Pays Foix-Varilhes, 18 090    , 939    
200067817,CC Saône-Beaujolais, 21 070    , 1 483    
200067825,CA Gap-Tallard-Durance, 26 435    , 1 890    
200067841,CC de l'Alsace Bossue, 11 831    , 708    
200067866,CC Sèvre et Loire, 19 074    , 1 186    
200067874,CA de Haguenau, 42 004    , 2 824    
200067882,CC Bazois Loire Morvan, 13 116    , 475    
200067890,CC Morvan Sommets et Grands Lacs, 12 288    , 395    
200067908,CC Amognes Coeur du Nivernais, 5 882    , 233    
200067916,"CC Loire, Vignobles et Nohain", 17 798    , 851    
200067924,CC du Canton d'Erstein, 20 895    , 1 118    
200067932,CA Golfe du Morbihan - Vannes Agglomération, 103 761    , 5 154    
200067940,CC Couserans-Pyrénées, 27 070    , 877    
200067957,CC Haut Chemin-Pays de Pange, 7 619    , 352    
200067965,CA de la Région de Compiègne et de la Basse Automne, 39 992    , 2 541    
200067973,CC Thelloise, 25 362    , 1 153    
200067981,CA Guingamp-Paimpol Armor-Argoat Agglomération, 45 402    , 2 191    
200067999,CA du Beauvaisis, 47 383    , 2 953    
200068005,CC de l'Oise Picarde, 9 442    , 456    
200068047,CA Creil Sud Oise, 33 913    , 1 892    
200068070,CC Loue-Lison, 12 490    , 605    
200068088,"CC Loire, Nièvre et Bertranges", 12 550    , 464    
200068096,CC Champsaur-Valgaudemar, 14 875    , 459    
200068104,CA de la Provence Verte, 48 807    , 2 412    
200068112,CC du Pays de Saverne, 17 067    , 1 070    
200068120,CA Quimper Bretagne Occidentale, 54 296    , 3 476    
200068146,CC Sarrebourg Moselle Sud, 25 428    , 1 284    
200068229,CC des Baronnies en Drôme Provençale, 16 291    , 874    
200068278,CC Berry Loire Puisaye, 11 248    , 434    
200068294,CC des Deux Vallées Vertes, 8 201    , 326    
200068369,CC de Mirecourt Dompaire, 9 829    , 474    
200068377,CC de la Porte des Vosges Méridionales, 16 685    , 952    
200068435,CC Coeur du Perche, 7 462    , 287    
200068443,CC Andaine - Passais, 9 803    , 368    
200068450,CC Argentan Intercom, 18 344    , 1 059    
200068468,CC des Pays de l'Aigle, 14 789    , 755    
200068484,CC des Causses à l'Aubrac, 10 492    , 501    
200068500,CA de Cambrai, 39 430    , 2 122    
200068534,CC Terroir de Caux, 17 175    , 878    
200068542,CC Les Balcons du Dauphiné, 33 169    , 1 631    
200068559,CC de l'Ouest Vosgien, 12 680    , 756    
200068567,CC Les Vals du Dauphiné, 27 792    , 1 442    
200068625,"CC Alpes-Provence-Verdon ""sources de Lumière""", 18 110    , 452    
200068641,CA Le Muretain Agglo, 49 854    , 2 808    
200068658,"CA de Chaumont, du Bassin Nogentais et du Bassin de Bologne Vignory Froncles", 24 652    , 1 442    
200068666,CA de Saint-Dizier Der et Blaise, 30 094    , 1 510    
200068674,CA Grand Lac - CA du Lac du Bourget, 40 933    , 2 379    
200068682,CC Terre d'Eau, 10 103    , 554    
200068757,CA d'Épinal, 58 421    , 3 144    
200068765,CC du Sisteronais-Buëch, 17 381    , 925    
200068773,CC des Vosges Côté Sud Ouest, 7 518    , 353    
200068781,CA Valence Romans Agglo, 108 204    , 7 408    
200068799,CC Intercom de la Vire au Noireau, 25 770    , 1 267    
200068807,CC Lèze Ariège, 13 606    , 679    
200068815,CC Coeur de Garonne, 16 165    , 724    
200068831,CC Pays Ségali, 10 112    , 488    
200068856,CC des Hauts du Perche, 5 887    , 197    
200068864,CC de la Mossig et du Vignoble, 11 005    , 693    
200068872,CC Éguzon - Argenton - Vallée de la Creuse, 12 921    , 552    
200068880,CC Champagne Boischauts, 5 725    , 296    
200068914,CC La Rochefoucauld - Porte du Périgord, 12 135    , 533    
200068922,CC du Confluent et des Coteaux de Prayssas, 9 300    , 519    
200068930,CC Fumel Vallée du Lot, 14 199    , 661    
200068948,CC Albret Communauté, 15 249    , 826    
200068955,CC Anjou Loir et Sarthe, 12 527    , 628    
200068963,CC Maine Coeur de Sarthe, 9 181    , 361    
200068989,CA Dinan Agglomération, 57 311    , 2 557    
200068997,CA Arlysère, 42 383    , 2 083    
200069003,CC du Barséquanais en Champagne, 11 047    , 1 081    
200069029,CA des Deux Baies en Montreuillois, 59 439    , 2 176    
200069037,CA du Pays de Saint-Omer, 47 388    , 2 443    
200069052,CA Grand Belfort, 52 209    , 2 559    
200069060,CC des Vosges du Sud, 7 407    , 265    
200069086,CC Leff Armor Communauté, 16 584    , 724    
200069094,CC Isle et Crempse-en-Périgord, 8 386    , 359    
200069102,CC Randon - Margeride, 4 322    , 138    
200069110,CA Chambéry Métropole-Coeur des Bauges, 68 450    , 4 356    
200069128,CC Mont Lozère, 6 120    , 145    
200069136,CC des Cévennes Au Mont Lozère, 6 023    , 164    
200069144,CC des Hautes Terres de l'Aubrac, 4 334    , 187    
200069151,CC Gorges Causses Cévennes, 7 029    , 297    
200069169,CC Dômes Sancy Artense, 8 653    , 325    
200069177,CC Mond'Arverne Communauté, 18 963    , 665    
200069185,CC des Terres d'Apcher-Margeride-Aubrac, 7 500    , 360    
200069193,CC de la Dombes, 16 504    , 1 006    
200069227,CC Pays Fort Sancerrois Val de Loire, 13 163    , 734    
200069235,CC du Haut Pays du Montreuillois, 7 438    , 484    
200069250,CA Troyes Champagne Métropole, 86 164    , 4 843    
200069268,CC Aubrac Lot Causses Tarn, 5 797    , 266    
200069300,CA Tarbes-Lourdes-Pyrénées, 69 999    , 3 846    
200069383,CC du Grand Villefranchois, 17 547    , 916    
200069391,CC Lamballe Terre et Mer, 40 489    , 1 908    
200069409,CA Saint-Brieuc Armor Agglomération, 81 965    , 4 465    
200069417,CC Pays d'Orthe et Arrigans, 11 431    , 555    
200069425,CA Mont-Saint-Michel-Normandie, 50 825    , 2 687    
200069433,CC de Vezouze en Piémont, 6 576    , 290    
200069441,CC du Pays de Bitche, 16 652    , 717    
200069458,CC des Vallées d'Auge et du Merlerault, 9 690    , 527    
200069482,CC des Campagnes de l'Artois, 14 450    , 848    
200069516,CC Seulles Terre et Mer, 8 083    , 303    
200069524,CC Pré-Bocage Intercom, 10 968    , 538    
200069532,CA Lisieux Normandie, 39 553    , 2 136    
200069540,CC Norge et Tille, 6 245    , 296    
200069565,CC des Lacs et Montagnes du Haut-Doubs, 11 664    , 365    
200069581,CC Convergence Garonne, 14 703    , 784    
200069599,CC Rurales de l'Entre-deux-Mers, 8 223    , 685    
200069615,CC Bresse Haute Seille, 10 335    , 536    
200069623,CC Champagnole Nozeroy Jura, 12 583    , 730    
200069631,CC Terres de Chalosse, 8 474    , 438    
200069649,CC Chalosse Tursan, 12 733    , 811    
200069656,CC Coeur Haute Lande, 8 635    , 459    
200069664,CC Meuse Rognon, 6 479    , 276    
200069672,CC du Ternois, 17 793    , 1 046    
200069698,CC Mâconnais - Tournugeois, 9 181    , 570    
200069722,CC Interrégionale Aumale - Blangy-sur-Bresle, 10 948    , 659    
200069730,CC des Quatre Rivières, 15 384    , 848    
200069748,CC Val de Gâtine, 10 728    , 518    
200069755,CC Mellois-en-Poitou, 25 752    , 1 188    
200069763,CC du Haut-Poitou, 18 511    , 790    
200069821,CA Fécamp Caux Littoral Agglomération, 20 868    , 975    
200069839,CC de la Côte d'Albâtre, 16 689    , 764    
200069847,CC Plateau de Caux-Doudeville-Yerville, 9 122    , 478    
200069854,CU du Grand-Poitiers, 103 751    , 5 373    
200069912,CC des Forêts du Perche, 4 657    , 206    
200069953,CC des Portes Euréliennes d'Ile-de-France, 22 322    , 986    
200069961,CC du Grand Châteaudun, 22 681    , 1 148    
200069995,CC Médoc Coeur de Presqu'ile, 15 912    , 1 026    
200070035,CC du Civraisien en Poitou, 16 199    , 739    
200070043,CC Vienne et Gartempe, 25 423    , 1 102    
200070068,CC Communauté Bray-Eawy, 11 920    , 708    
200070092,CA du Libournais, 43 712    , 2 518    
200070100,CC du Val de Sully, 12 861    , 602    
200070118,CC Val de Saône Centre, 8 684    , 429    
200070126,CC Seine et Aube, 5 000    , 241    
200070142,CC Lyons Andelle, 10 124    , 434    
200070159,CC Coeur de Beauce, 12 143    , 757    
200070167,CC Terres de Perche, 8 551    , 339    
200070183,CC des Terres du Val de Loire, 22 118    , 1 099    
200070233,"CC Terres de Montaigu, Cc Montaigu-Rocheservière", 19 941    , 1 187    
200070282,CC Lavalette Tude Dronne, 11 231    , 559    
200070290,CC Pays de l'Audunois et du Bassin de Landres, 11 101    , 323    
200070308,CA Mâconnais Beaujolais Agglomération, 39 032    , 3 028    
200070316,"CC Entre Arroux, Loire et Somme", 13 727    , 565    
200070324,CC du Territoire de Lunéville à Baccarat, 21 370    , 1 020    
200070332,"CC du Pays de Chalindrey, de Vannier Amance et de la Région de Bourbonne-Les-Bains", 11 536    , 421    
200070340,CC Haute-Maurienne Vanoise, 13 593    , 460    
200070365,CC Corbières Salanque Méditerranée, 12 044    , 530    
200070373,CC Loir-Lucé-Bercé, 14 175    , 650    
200070407,CA Pays d'Issoire, 32 471    , 1 479    
200070431,CC Saint-Marcellin Vercors Isère Communauté, 21 376    , 1 185    
200070449,CC Inter-Caux-Vexin, 21 894    , 1 189    
200070464,CC Coeur de Maurienne Arvan, 17 610    , 792    
200070506,CC Pays de Nexon Monts de Chalus, 7 588    , 308    
200070514,CA du Grand Cognac, 36 869    , 2 737    
200070530,CC du Grand Autunois Morvan, 23 333    , 988    
200070548,CC La Clayette Chauffailles en Brionnais, 9 090    , 493    
200070555,CC de la Veyle, 9 694    , 438    
200070563,CC Terres Touloises, 19 978    , 1 069    
200070571,CC Coeur de Berry, 9 408    , 385    
200070589,CC de Seille et Grand Couronné, 7 701    , 337    
200070647,CA Bergeracoise, 33 423    , 2 002    
200070662,CC Bretagne Porte de Loire Communauté, 14 175    , 662    
200070670,CC du Pays de Dol et de la Baie du Mont-Saint-Michel, 12 931    , 611    
200070688,CC Couesnon Marches de Bretagne, 11 010    , 471    
200070712,CC Thiers Dore et Montagne, 23 252    , 1 124    
200070720,CC Médoc Atlantique, 34 756    , 806    
200070738,CC Mad et Moselle, 8 882    , 516    
200070746,CA Sarreguemines Confluences, 32 528    , 1 752    
200070753,CA Riom Limagne et Volcans, 31 925    , 1 544    
200070761,CC Ambert Livradois Forez, 23 882    , 860    
200070779,CC Brie des Rivières et Châteaux, 16 016    , 737    
200070787,CC du Plateau de Lannemezan, 10 924    , 489    
200070795,CC du Pays de Trie et du Magnoac, 4 165    , 230    
200070803,CC des Coteaux du Val-d'Arros, 5 374    , 182    
200070811,CC Pyrénées Vallées des Gaves, 20 581    , 691    
200070829,CC Neste Barousse, 5 273    , 169    
200070845,CC Orne Lorraine Confluences, 26 075    , 999    
200070852,CC Usses et Rhône, 9 597    , 384    
200070894,CC de Gevrey-Chambertin et de Nuits-Saint-Georges, 13 785    , 1 071    
200070902,CC Auxonne Pontailler Val de Saône, 10 837    , 449    
200070910,CC Tille et Venelle, 2 544    , 132    
200070928,CC Terre de Picardie, 8 174    , 490    
200070936,CC Ponthieu-Marquenterre, 25 283    , 923    
200070944,CC du Vimeu, 10 946    , 563    
200070951,CC du Territoire Nord Picardie, 14 081    , 641    
200070969,CC Avre Luce Noye, 9 992    , 456    
200070977,CC du Grand Roye, 11 624    , 691    
200070985,CC de l'Est de la Somme, 9 851    , 474    
200070993,CA de la Baie de Somme, 28 719    , 1 398    
200071017,CC des Terres d'Auxois, 9 794    , 495    
200071025,CC Haute-Provence-Pays de Banon, 6 689    , 253    
200071033,CC Jabron-Lure-Vançon-Durance, 3 011    , 131    
200071041,CC du Chaourçois et du Val d'Armance, 6 133    , 282    
200071058,CC Les Avant-Monts, 14 684    , 576    
200071066,CA de Saint-Dié-Des-Vosges, 44 737    , 1 967    
200071074,CC Les Portes de l'Ile de France, 9 848    , 441    
200071082,CA Montluçon Communauté, 37 852    , 1 775    
200071116,CA Ecla (Espace Communautaire Lons Agglomération), 19 378    , 1 500    
200071140,CA Moulins Communauté, 35 894    , 1 895    
200071157,CC des Hautes-Vosges, 26 803    , 1 107    
200071165,CA Les Sables d'Olonne Agglomération, 42 543    , 1 673    
200071173,CC du Pays Arnay Liernais, 5 113    , 229    
200071181,CC Somme Sud-Ouest, 17 790    , 877    
200071199,CC Plaine Limagne, 9 684    , 393    
200071207,CC de Pouilly-en-Auxois/Bligny-sur-Ouche, 5 574    , 312    
200071215,CC Chavanon Combrailles et Volcans, 9 297    , 357    
200071223,CC Nièvre et Somme, 12 438    , 473    
200071298,CC des Terres du Lauragais, 16 681    , 953    
200071314,CC Save Garonne et Côteaux de Cadours, 14 220    , 597    
200071363,CA Vichy Communauté, 52 918    , 2 382    
200071371,CC Bresse et Saône, 11 208    , 584    
200071389,CC Saint-Pourçain Sioule Limagne, 19 736    , 961    
200071405,CC Ardèche Rhône Coiron, 11 377    , 446    
200071413,CA Privas Centre Ardèche, 24 997    , 1 238    
200071454,CA Evreux Portes de Normandie, 52 648    , 2 905    
200071470,CC Entr'Allier Besbre et Loire, 14 906    , 717    
200071496,CC du Bocage Bourbonnais, 8 648    , 356    
200071504,CC des Collines du Perche Normand, 7 544    , 353    
200071512,CC Commentry Montmarault Néris Communauté, 16 206    , 619    
200071520,CC Domfront Tinchebray Interco, 9 487    , 423    
200071538,CC Terres de Bresse, 11 340    , 451    
200071546,CC Sud Retz Atlantique, 12 966    , 739    
200071553,CC Loire Layon Aubance, 24 502    , 1 432    
200071579,CC Bresse Louhannaise Intercom', 15 762    , 831    
200071587,CC Loches Sud Touraine, 29 794    , 1 554    
200071595,"CC Arbois, Poligny, Salins, Coeur du Jura", 12 480    , 823    
200071629,CC Challans-Gois Communauté, 22 946    , 1 475    
200071645,CC Saint Cyr Mère Boitier entre Charolais et Mâconnais, 4 892    , 222    
200071652,CC du Pays Fertois et du Bocage Carrougien, 2 864    , 136    
200071678,CA du Choletais, 48 109    , 3 109    
200071751,CA du Bassin de Bourg-en-Bresse, 64 119    , 3 943    
200071769,CC Picardie des Châteaux, 8 120    , 342    
200071777,"CC d'Arcis, Mailly, Ramerupt", 5 812    , 366    
200071785,CA Chauny Tergnier la Fère, 27 078    , 1 081    
200071819,CC du Périgord Nontronnais, 11 217    , 472    
200071827,CA du Grand Angoulême, 73 342    , 4 016    
200071843,CC du Vexin Normand, 15 327    , 859    
200071850,CC du Pithiverais-Gâtinais, 13 279    , 579    
200071868,CC des Vallées du Haut-Anjou, 15 093    , 717    
200071876,CA Saumur Val de Loire, 51 006    , 2 900    
200071884,CC Le Grand Charolais, 22 677    , 1 194    
200071892,CA du Saint-Quentinois, 41 874    , 2 202    
200071900,CC Vendée Grand Littoral, 28 070    , 765    
200071918,CC du Pays de Saint-Fulgent - les Essarts, 11 432    , 661    
200071926,CC du Limouxin, 17 084    , 967    
200071934,CC Pays de Fontenay-Vendée, 18 627    , 971    
200071942,CC Haut Limousin en Marche, 17 460    , 687    
200071967,CC Pays d'Évian Vallée d'Abondance, 31 612    , 1 150    
200071983,CC Thiérache Sambre et Oise, 8 606    , 395    
200071991,CC Retz-en-Valois, 14 574    , 693    
200072007,CC de la Montagne d'Ardèche, 6 194    , 166    
200072015,CA Annonay Rhône Agglo, 23 989    , 1 330    
200072023,CC Coeur de Charente, 12 463    , 582    
200072031,CA de la Région de Château-Thierry, 26 335    , 1 498    
200072049,CC de Charente Limousine, 22 825    , 908    
200072056,CC Porte du Jura, 6 050    , 265    
200072064,CC Val-de-Cher-Controis, 26 778    , 1 352    
200072072,CA Territoires Vendômois, 29 719    , 1 533    
200072080,CC du Pays de Saint-Éloy, 11 666    , 373    
200072098,CC Combrailles Sioule et Morge, 10 588    , 387    
200072106,CC Adour Madiran, 12 446    , 579    
200072130,CA du Pays de Meaux, 39 283    , 2 339    
200072304,CC Vallée de l'Ubaye - Serre-Ponçon, 13 966    , 420    
200072312,CA Seine Normandie Agglomération, 39 922    , 2 048    
200072320,CC Val de Gers, 5 219    , 256    
200072346,CA du Pays de Fontainebleau, 35 085    , 1 933    
200072452,CA Fougères Agglomération, 27 735    , 1 510    
200072460,"CA de Béthune-Bruay, Artois-Lys Romane", 124 020    , 4 760    
200072478,CC Pays d'Opale, 11 445    , 461    
200072544,CC des Deux Morin, 12 395    , 561    
200072635,CC Pyrénées Haut Garonnaises, 18 149    , 528    
200072643,CC Coeur et Coteaux du Comminges, 25 673    , 1 398    
200072650,CC Touraine Vallée de l'Indre, 22 556    , 1 020    
200072668,CC Touraine Val de Vienne, 14 294    , 676    
200072676,CC Maine Saosnois, 15 259    , 695    
200072684,CC Le Gesnois Bilurien, 14 476    , 583    
200072692,CC des Vallées de la Braye et de l'Anille, 9 202    , 441    
200072700,CC Haute Sarthe Alpes Mancelles, 12 163    , 494    
200072718,CC de la Champagne Conlinoise et du Pays de Sillé, 9 114    , 393    
200072726,CC Châteaubriant-Derval, 21 553    , 1 189    
200072734,CC Estuaire et Sillon, 15 102    , 759    
200072825,CC Mirebellois et Fontenois, 5 757    , 251    
200072874,CC Val Briard, 11 126    , 692    
200072882,CC de Vie et Boulogne, 18 229    , 960    
200072981,CC Touraine Ouest Val de Loire, 16 783    , 785    
200072999,CC du Grand Langres, 12 060    , 740    
200073013,CC Carnelle Pays-De-France, 13 226    , 637    
200073096,CA Hermitage-Tournonais-Herbasse-Pays de Saint-Félicien, 27 645    , 1 601    
200073104,CC de l'Ile-Rousse - Balagne, 11 500    , 487    
200073112,CC Sud Sarthe, 12 773    , 479    
200073120,CC Nebbiu - Conca d'Oro, 6 417    , 275    
200073138,CC Pasquale Paoli, 6 327    , 186    
200073146,CC Cagire Garonne Salat, 11 597    , 427    
200073161,CC Touraine-Est Vallées, 16 695    , 883    
200073237,CC de Gâtine et Choisilles - Pays de Racan, 9 401    , 476    
200073245,CC du Bassin d'Aubenas, 23 040    , 1 383    
200073252,CC de la Castagniccia-Casinca, 9 433    , 420    
200073260,CC Sud Vendée Littoral, 38 851    , 1 456    
200073344,CA Rambouillet Territoires, 35 169    , 1 976    
200073393,CC des Rives du Haut-Allier, 13 884    , 522    
200073401,CC Mézenc-Loire-Meygal, 8 444    , 318    
200073419,CA du Puy-en-Velay, 49 461    , 2 715    
200073427,CC Marches du Velay-Rochebaron, 15 818    , 810    
200077014,CA Vienne Condrieu, 40 576    , 2 635    
200077055,CA Coulommiers Pays de Brie, 33 693    , 1 630    
240100578,CC du Plateau d'Hauteville, 3 724    , 170    
240100610,CC de la Côtière à Montluel, 9 436    , 594    
240100750,CC du Pays de Gex, 44 220    , 1 671    
240100800,CC de Miribel et du Plateau, 9 619    , 758    
240100883,CC de la Plaine de l'Ain, 36 325    , 1 906    
240100891,CC du Pays Bellegardien (Ccpb), 10 553    , 530    
240200444,CC de la Thiérache du Centre, 13 267    , 669    
240200469,CC du Pays de la Serre, 6 902    , 344    
240200477,CA du Soissonnais, 25 414    , 1 488    
240200493,CC du Pays du Vermandois, 14 196    , 602    
240200501,CC du Val de l'Aisne, 9 193    , 440    
240200519,CC du Canton d'Oulchy-le-Château, 2 657    , 149    
240200576,CC de la Champagne Picarde, 9 434    , 469    
240200584,CC du Canton de Charly-sur-Marne, 7 218    , 385    
240200592,CC du Chemin des Dames, 2 882    , 102    
240200600,CC des Trois Rivières, 10 834    , 447    
240200634,CC des Portes de la Thiérache, 3 724    , 245    
240300491,CC du Pays de Lapalisse, 4 913    , 228    
240300558,CC du Pays de Tronçais, 5 660    , 184    
240300566,CC du Val de Cher, 3 057    , 115    
240300657,CC du Pays d'Huriel, 4 779    , 132    
240400440,CC Pays Forcalquier et Montagne de Lure, 6 587    , 298    
240500439,CC du Briançonnais, 25 803    , 940    
240500462,CC du Pays des Ecrins, 8 774    , 277    
240600551,CA de la Riviera Française, 64 182    , 2 126    
240600585,CA de Sophia Antipolis, 125 539    , 7 115    
240600593,CC du Pays des Paillons, 13 153    , 526    
240700302,CC du Pays Beaume-Drobie, 7 209    , 288    
240700617,CC Val de Ligne, 4 284    , 138    
240700716,CC du Val d'Ay, 3 420    , 98    
240700815,CC Berg et Coiron, 4 399    , 200    
240700864,CC du Rhône aux Gorges de l'Ardèche, 10 132    , 401    
240800821,"CC Ardenne, Rives de Meuse", 14 705    , 607    
240800847,CC des Portes du Luxembourg, 10 119    , 414    
240800862,CC des Crêtes Préardennaises, 11 165    , 534    
240800920,CC de l'Argonne Ardennaise, 9 948    , 630    
240900431,CC du Pays de Tarascon, 6 752    , 237    
240900464,CC du Pays d'Olmes, 10 250    , 423    
241000223,"CC Forêts, Lacs, Terres en Champagne", 3 122    , 141    
241000405,CC de la Région de Bar-sur-Aube, 6 491    , 514    
241000447,CC du Pays d'Othe, 4 752    , 164    
241000488,CC de l'Orvin et de l'Ardusson, 4 188    , 193    
241100593,CA Le Grand Narbonne, 110 666    , 3 904    
241200187,CA Rodez Agglomération, 30 228    , 2 302    
241200542,CC du Réquistanais, 3 644    , 196    
241200567,CC de Millau Grands Causses, 17 584    , 1 025    
241200625,CC du Pays Rignacois, 3 126    , 143    
241200641,CC Conques-Marcillac, 7 056    , 297    
241200658,CC du Pays de Salars, 4 118    , 202    
241200674,CC du Plateau de Montbazens, 3 633    , 164    
241200765,CC de Lévézou Pareloup, 4 466    , 204    
241200807,CC Aveyron Bas Ségala Viaur, 3 749    , 161    
241200906,CC Larzac et Vallées, 4 948    , 204    
241200914,CC de la Muse et des Raspes du Tarn, 4 433    , 130    
241300375,CC Vallée des Baux-Alpilles (Cc Vba), 16 755    , 1 212    
241300417,CA d'Arles-Crau-Camargue-Montagnette, 44 300    , 2 831    
241400415,CC Coeur Côte Fleurie, 38 945    , 1 287    
241400514,CC du Pays de Falaise, 13 404    , 710    
241400555,CC de Bayeux Intercom, 16 081    , 1 010    
241400860,CC Coeur de Nacre, 17 330    , 576    
241400878,CC Blangy-Pont-l'Evêque Intercom, 11 581    , 651    
241500230,CA du Bassin d'Aurillac, 30 656    , 1 848    
241500255,CC du Pays Gentiane, 4 880    , 191    
241500271,CC du Pays de Mauriac, 4 689    , 289    
241501055,CC Sumène - Artense, 6 319    , 192    
241501089,CC Cère et Goul en Carladès, 3 925    , 150    
241501139,CC du Pays de Salers, 7 624    , 254    
241600303,CC du Rouillacais, 5 124    , 339    
241700434,CA de la Rochelle, 95 753    , 5 467    
241700459,CC de l'Ile de Ré, 22 329    , 874    
241700517,CC Charente-Arnoult-Coeur de Saintonge, 8 419    , 368    
241700624,CC de l'Ile d'Oléron, 31 111    , 1 010    
241700632,CC de Gémozac et de la Saintonge Viticole, 7 488    , 380    
241700640,CA Royan Atlantique, 78 564    , 2 854    
241700699,CC du Bassin de Marennes, 9 221    , 468    
241800325,CC Les Villages de la Forêt, 2 888    , 111    
241800374,CC La Septaine, 4 991    , 206    
241800424,CC Le Dunois, 4 093    , 194    
241800432,CC Les Trois Provinces, 3 488    , 166    
241800457,CC Fercher Pays Florentais, 6 173    , 225    
241800507,CA Bourges Plus, 52 125    , 3 035    
241900133,CC de Ventadour - Egletons - Monédières, 7 479    , 299    
241927201,CA Tulle Agglo, 27 144    , 1 364    
241927243,CC du Pays d'Uzerche, 6 158    , 273    
242000354,CA de Bastia, 27 334    , 2 144    
242000495,CC de l'Alta Rocca, 11 210    , 302    
242000503,CC Celavu-Prunelli, 5 442    , 194    
242010056,CA du Pays Ajaccien, 40 637    , 3 213    
242010130,CC du Sartenais Valinco, 9 998    , 522    
242020071,CC du Centre Corse, 6 655    , 364    
242020105,CC de Calvi Balagne, 12 451    , 554    
242100154,CC des Vallées de la Tille et de l'Ignon, 6 008    , 297    
242100410,Dijon Métropole, 134 377    , 7 704    
242101434,CC du Pays Châtillonnais, 13 157    , 708    
242101442,CC de Saulieu, 3 888    , 212    
242101459,CC du Pays d'Alésia et de la Seine, 4 660    , 219    
242101491,CC du Montbardois, 6 262    , 324    
242101509,CC Rives de Saône, 10 109    , 446    
242200715,CC du Kreiz-Breizh (Cckb), 12 515    , 527    
242400752,CC Périgord-Limousin, 9 644    , 446    
242400935,CC du Pays de Saint-Aulaye, 4 051    , 149    
242401024,CC Isle-Loue-Auvézère en Périgord, 9 466    , 391    
242500320,CC de Montbenoît, 3 336    , 149    
242500338,CC du Grand Pontarlier, 13 473    , 1 003    
242500361,CA du Grand Besançon, 101 830    , 5 829    
242504116,CC du Val de Morteau, 9 950    , 539    
242504181,CC des Portes du Haut-Doubs, 11 200    , 668    
242504355,CC du Plateau de Russey, 2 860    , 139    
242504371,CC du Pays de Sancey-Belleherbe, 2 866    , 149    
242504447,CC du Doubs Baumois, 7 766    , 418    
242504488,CC Altitude 800, 2 865    , 179    
242504496,CC du Plateau de Frasne et du Val de Drugeon (Cfd), 2 728    , 140    
242600252,CC du Val de Drôme, 14 981    , 850    
242600492,CC Dieulefit-Bourdeaux, 6 188    , 299    
242600534,CC du Diois, 9 563    , 459    
242700276,CC du Pays de Conches, 8 883    , 359    
242700607,CC du Pays du Neubourg, 8 187    , 510    
242700623,CC Eure-Madrie-Seine, 12 033    , 514    
242852465,CC du Bonnevalais, 6 526    , 312    
242900074,CC du Pays d'Iroise, 25 961    , 1 004    
242900314,Brest Métropole, 111 879    , 5 131    
242900553,CC du Pays des Abers, 19 992    , 868    
242900561,CC de Haute-Cornouaille, 9 414    , 379    
242900629,CC Cap Sizun - Pointe du Raz, 12 401    , 411    
242900645,CC Douarnenez Communauté, 12 404    , 527    
242900660,CC du Pays Fouesnantais, 19 305    , 748    
242900694,CA Quimperlé Communauté, 32 227    , 1 326    
242900702,CC du Pays Bigouden Sud, 28 929    , 1 076    
242900710,CC du Haut Pays Bigouden, 10 740    , 373    
242900744,CC Poher Communauté, 9 183    , 564    
242900751,CC du Pays de Landivisiau, 15 679    , 912    
242900769,CA Concarneau Cornouaille Agglomération, 31 346    , 1 404    
242900793,CC Communauté Lesneven Côte des Légendes, 15 167    , 703    
242900801,CC du Pays de Landerneau-Daoulas, 22 253    , 1 083    
242900835,CA Morlaix Communauté, 39 230    , 1 943    
243000270,CC du Pays Viganais, 8 040    , 300    
243000296,CC du Pays de Sommières, 11 356    , 564    
243000569,"CC Rhony, Vistre, Vidourle", 11 940    , 553    
243000585,CC Beaucaire Terre d'Argence, 14 162    , 783    
243000593,CC de Petite Camargue, 11 868    , 581    
243000643,CA de Nîmes Métropole, 127 573    , 7 579    
243000650,CC Terre de Camargue, 30 669    , 794    
243000684,CC du Pont du Gard, 12 682    , 620    
243100518,Toulouse Métropole, 405 426    , 23 419    
243100567,CC Lauragais Revel Sorezois, 11 267    , 630    
243100633,CA du Sicoval, 34 503    , 2 267    
243100732,CC des Coteaux du Girou, 8 548    , 443    
243100773,CC Val'Aïgo, 6 647    , 334    
243100781,CC de la Save au Touch, 15 971    , 629    
243100815,CC des Coteaux Bellevue, 7 682    , 416    
243200391,CC de la Lomagne Gersoise, 10 972    , 657    
243200409,CC du Bas Armagnac, 4 687    , 361    
243200417,CC de la Tenarèze, 9 141    , 608    
243200425,CC Coeur d'Astarac en Gascogne, 4 814    , 294    
243200458,CC du Grand Armagnac, 9 642    , 540    
243200508,CC Bastides et Vallons du Gers, 4 370    , 251    
243200599,CC du Saves, 5 026    , 297    
243200607,CC Artagnan de Fezensac, 4 347    , 211    
243300316,Bordeaux Métropole, 397 112    , 24 168    
243300563,CA Bassin d'Arcachon Sud-Pôle Atlantique (Cobas), 49 584    , 2 162    
243300811,CC de l'Estuaire - Canton de Saint-Ciers-sur-Gironde, 8 021    , 403    
243301165,CC Jalle-Eau-Bourde, 12 655    , 985    
243301181,CC Latitude Nord Gironde, 8 242    , 335    
243301215,CC du Créonnais, 7 105    , 415    
243301223,CC Grand Cubzaguais, 14 883    , 844    
243301249,CC du Secteur de Saint-Loubès, 11 064    , 879    
243301264,CC de Montesquieu, 17 152    , 1 101    
243301355,CC des Coteaux Bordelais, 7 716    , 413    
243301371,CC du Pays Foyen, 9 329    , 621    
243301389,CC Médullienne, 9 412    , 375    
243301397,CC du Fronsadais, 7 298    , 384    
243301405,CC du Val de l'Eyre, 8 357    , 385    
243301439,CC des Portes de l'Entre-deux-Mers, 8 876    , 548    
243301447,CC Médoc Estuaire, 11 376    , 538    
243301454,CC Castillon/Pujols, 10 043    , 730    
243301504,CA du Bassin Nord, 43 052    , 1 717    
243400017,Montpellier Méditerranée Métropole, 239 490    , 14 571    
243400355,CC du Clermontais, 14 175    , 723    
243400470,CA du Pays de l'Or, 45 784    , 1 888    
243400488,CC La Domitienne, 14 514    , 655    
243400520,CC du Pays de Lunel, 22 009    , 1 255    
243400694,CC Vallée de l'Hérault, 18 003    , 767    
243400736,CC des Cévennes Gangeoises et Suménoises, 8 317    , 330    
243400769,CA de Béziers-Méditerranée, 75 519    , 3 981    
243400819,CA Hérault-Méditerranée, 79 786    , 2 450    
243500139,Rennes Métropole, 218 772    , 12 857    
243500550,CC Montfort Communauté, 10 597    , 488    
243500618,CC de Brocéliande, 8 124    , 337    
243500634,CC Au Pays de la Roche aux Fées, 11 618    , 581    
243500659,CC Pays de Châteaugiron Communauté, 10 046    , 597    
243500667,CC du Val d'Ille-Aubigné, 14 488    , 802    
243500725,CC Côte d'Émeraude, 27 105    , 954    
243500733,CC Bretagne Romantique, 16 351    , 723    
243500741,CA Redon Agglomération, 34 624    , 1 567    
243500774,CC Liffré-Cormier Communauté, 10 251    , 461    
243500782,CA du Pays de Saint-Malo - Saint-Malo Agglomération, 53 702    , 2 816    
243600202,CC Chabris - Pays de Bazelle, 4 324    , 173    
243600236,CC du Pays d'Issoudun, 11 724    , 527    
243600293,CC de la Région de Levroux, 3 721    , 186    
243600301,CC Val de l'Indre - Brenne, 7 555    , 341    
243600319,CC Brenne - Val de Creuse, 11 785    , 514    
243600327,CA Châteauroux Métropole, 39 797    , 2 268    
243600343,CC Coeur de Brenne, 3 683    , 168    
243600350,CC de la Châtre et Sainte-Sévère, 11 372    , 515    
243700499,CC du Castelrenaudais, 7 870    , 345    
243700754,Tours Métropole Val de Loire, 157 091    , 8 410    
243700820,CC de Bléré Val de Cher, 10 362    , 476    
243800604,CA Porte de l'Isère (C.A.P.I), 44 592    , 2 990    
243800745,CC de l'Oisans, 22 391    , 791    
243800778,CC du Pays Roussillonnais, 22 843    , 1 430    
243800844,CC du Territoire de Beaurepaire, 7 158    , 392    
243800935,CC Lyon Saint-Éxupéry-en-Dauphiné, 10 516    , 459    
243800984,CA du Pays Voironnais, 43 485    , 2 509    
243801024,CC du Massif du Vercors, 12 866    , 467    
243801073,CC de Bièvre Est, 9 362    , 467    
243801255,CC des Collines du Nord Dauphiné, 9 713    , 532    
243900354,CC de la Station des Rousses-Haut Jura, 6 540    , 198    
243900412,CC Jura Sud, 3 917    , 198    
243900420,CC du Val d'Amour, 4 673    , 223    
243900479,CC du Haut-Jura (Arcade), 5 671    , 257    
243900560,CC Jura Nord, 5 450    , 198    
243900610,CC La Grandvallière, 3 018    , 158    
243900719,CC du Pays des Lacs, 4 212    , 223    
243901071,CC de la Région d'Orgelet, 3 245    , 173    
243901089,CC de la Plaine Jurassienne, 4 676    , 171    
244000543,CC de Mimizan, 10 646    , 349    
244000659,CC du Seignanx, 12 459    , 511    
244000675,CA du Grand Dax, 33 244    , 1 877    
244000691,CC du Pays Morcenais, 5 049    , 222    
244000766,CC du Pays Tarusate, 8 475    , 382    
244000774,CC du Pays de Villeneuve en Armagnac Landais, 3 138    , 156    
244000808,CA Mont-de-Marsan Agglomération, 26 894    , 1 755    
244000824,CC du Pays Grenadois, 3 675    , 166    
244000857,CC Côte Landes Nature, 9 635    , 332    
244000865,CC Maremne Adour Côte Sud, 55 241    , 1 994    
244000873,CC des Grands Lacs, 19 858    , 789    
244000881,CC Coteaux et Vallées des Luys, 3 773    , 213    
244100293,CC des Collines du Perche, 4 207    , 197    
244100780,CC de la Sologne des Étangs, 4 802    , 240    
244100798,CC du Grand Chambord, 10 392    , 404    
244100806,CC de la Sologne des Rivières, 7 413    , 318    
244200614,CC des Vals d'Aix et Isable, 3 572    , 164    
244200622,CC des Monts du Pilat, 8 494    , 326    
244200630,CC du Pays entre Loire et Rhône, 6 598    , 298    
244200770,Saint-Etienne Métropole, 205 814    , 11 290    
244200820,CC du Pays d'Urfé, 3 298    , 154    
244200895,CC du Pilat Rhodanien, 8 135    , 426    
244300307,CC du Pays de Montfaucon, 4 818    , 248    
244301016,CC des Sucs, 10 611    , 501    
244301032,CC Brioude Sud Auvergne, 10 788    , 604    
244301099,CC Auzon Communauté, 5 900    , 183    
244301107,CC du Haut-Lignon, 6 346    , 270    
244301123,CC des Pays de Cayres et de Pradelles, 4 826    , 152    
244301131,CC Loire et Semène, 9 614    , 399    
244400404,Nantes Métropole, 315 774    , 18 159    
244400438,CC de Grand Lieu, 15 112    , 860    
244400453,CC de la Région de Blain, 6 919    , 330    
244400503,CC d'Erdre et Gesvres, 23 606    , 1 275    
244400537,CC de Nozay, 6 733    , 339    
244400552,CC du Pays d'Ancenis, 28 807    , 1 598    
244400586,CC du Sud-Estuaire, 17 071    , 547    
244400610,CA de la Presqu'île de Guérande Atlantique (Cap Atlantique), 71 679    , 2 510    
244400644,CA de la Région Nazairienne et de l'Estuaire (Carene), 70 436    , 3 056    
244500203,CA Montargoise et Rives du Loing (A.M.E.), 31 100    , 1 673    
244500211,CC Giennoises, 13 264    , 684    
244500419,CC des Quatre Vallées, 9 063    , 361    
244500427,CC des Loges, 19 250    , 868    
244500468,Orléans Métropole, 138 515    , 7 823    
244500484,CC de la Forêt, 6 749    , 302    
244500542,CC de la Plaine du Nord Loiret, 3 219    , 136    
244600433,CC de la Vallée du Lot et du Vignoble, 10 140    , 462    
244600482,CC Quercy - Bouriane, 7 195    , 365    
244600532,CC du Pays de Lalbenque-Limogne, 5 572    , 194    
244600573,CC du Causse de Labastide-Murat, 3 158    , 103    
244700449,CC du Pays de Duras, 3 584    , 220    
244700464,CC du Pays de Lauzun, 6 329    , 263    
244701355,CC des Coteaux et Landes de Gascogne, 7 300    , 371    
244701405,CC Lot et Tolzac, 3 991    , 216    
244800405,CC Coeur de Lozère, 8 506    , 753    
244800470,CC du Gévaudan, 5 916    , 326    
244900015,CU Angers Loire Métropole, 147 001    , 7 895    
244900809,CC Anjou Bleu Communauté, 16 540    , 886    
244900882,CC Baugeois Vallée, 16 999    , 822    
245100615,CC de la Grande Vallée de la Marne, 7 232    , 628    
245100888,CC de la Brie Champenoise, 4 007    , 202    
245100979,CC du Sud Marnais, 3 095    , 163    
245200597,CC des Trois Forêts, 4 605    , 207    
245300223,CC du Pays de Meslay-Grez, 6 557    , 342    
245300306,CC du Pays de Loiron, 7 244    , 354    
245300330,CA de Laval, 47 045    , 3 022    
245300355,CC de l'Ernée, 10 253    , 493    
245300389,CC du Bocage Mayennais, 10 993    , 509    
245300447,CC du Pays de Château-Gontier, 14 186    , 811    
245400171,CC Moselle et Madon, 12 852    , 558    
245400189,CC des Pays du Sel et du Vermois, 13 400    , 484    
245400262,CA de Longwy, 29 166    , 1 031    
245400510,CC du Pays de Colombey et du Sud Toulois, 5 048    , 209    
245400601,CC du Bassin de Pompey, 18 168    , 796    
245400676,Métropole du Grand Nancy, 142 579    , 7 493    
245400759,CC du Pays du Sanon, 2 675    , 157    
245500327,CC du Sammiellois, 4 680    , 197    
245501176,CC du Territoire de Fresnes-en-Woëvre, 2 484    , 106    
245501184,CC du Pays de Revigny-sur-Ornain, 3 637    , 163    
245501242,CC du Pays d'Étain, 3 519    , 169    
245501259,CC du Pays de Montmédy, 3 711    , 137    
245600440,CC de Blavet Bellevue Océan, 8 977    , 318    
245600465,CC de Belle-Ile-en-Mer, 6 619    , 250    
245614383,CC Questembert Communauté, 12 073    , 565    
245614417,CC Roi Morvan Communauté, 16 401    , 628    
245614433,CC Pontivy Communauté, 24 236    , 1 402    
245700133,CC du District Urbain de Faulquemont (Duf), 11 064    , 570    
245700372,CA de Forbach Porte de France, 36 733    , 1 443    
245700398,CC de Freyming-Merlebach, 15 435    , 573    
245700695,CC de Cattenom et Environs, 11 316    , 282    
245700950,CC du Pays de Phalsbourg, 8 544    , 385    
245701164,CC du Warndt, 8 829    , 381    
245701206,CC du Saulnois, 13 920    , 794    
245701222,CA du Val de Fensch, 32 485    , 989    
245701271,CC du Pays Orne Moselle, 24 998    , 849    
245701354,CC de l'Arc Mosellan, 13 842    , 414    
245701362,CA Portes de France-Thionville, 39 058    , 2 113    
245701404,CC du Pays Haut Val d'Alzette, 13 891    , 352    
245801063,CC Loire et Allier, 3 480    , 177    
245804406,CA de Nevers, 39 099    , 2 018    
245804497,CC du Nivernais Bourbonnais, 3 230    , 130    
245900410,Métropole Européenne de Lille, 524 901    , 28 476    
245900428,CU de Dunkerque, 94 849    , 4 203    
245900758,CC Flandre Lys, 16 241    , 698    
245901038,CC du Pays Solesmois, 6 740    , 268    
245901061,CC de la Haute-Deûle, 9 715    , 322    
245901152,CC Coeur d'Ostrevent [C.C.C.O.], 30 218    , 861    
245901160,CA Valenciennes Métropole, 89 746    , 4 033    
246000129,CC du Liancourtois, 9 347    , 335    
246000376,CC du Clermontois, 16 337    , 678    
246000566,CC du Plateau Picard, 12 967    , 567    
246000582,CC des Sablons, 14 386    , 676    
246000707,CC du Vexin-Thelle, 8 548    , 439    
246000749,CC des Lisières de l'Oise, 7 317    , 325    
246000756,CC du Pays Noyonnais, 15 070    , 772    
246000764,CC de l'Aire Cantilienne, 21 654    , 1 263    
246000772,CC des Deux Vallées, 10 089    , 403    
246000848,CC de la Picardie Verte, 15 241    , 729    
246000855,CC du Pays des Sources, 9 709    , 430    
246000871,CC du Pays de Valois, 22 867    , 1 151    
246000897,CC de la Plaine d'Estrées, 7 262    , 404    
246000913,CC du Pays de Bray, 8 371    , 294    
246000921,CC des Pays d'Oise et d'Halatte, 14 677    , 569    
246100390,CC du Val d'Orne, 3 352    , 147    
246100663,CU d'Alençon, 28 974    , 1 810    
246200299,CA d'Hénin-Carvin, 53 589    , 2 162    
246200364,CA de Lens - Liévin, 107 426    , 3 960    
246200380,CC de la Terre des Deux Caps, 11 481    , 481    
246200729,CA du Boulonnais, 60 964    , 2 895    
246200844,CC de la Région d'Audruicq, 11 570    , 389    
246201016,CC du Pays de Lumbres, 9 860    , 416    
246201149,CA du Calaisis, 48 156    , 2 315    
246300701,Clermont Auvergne Métropole, 159 980    , 8 911    
246300966,CC du Massif du Sancy, 14 478    , 640    
246301097,CC Entre Dore et Allier, 8 436    , 327    
246400337,CC de la Vallée d'Ossau, 8 944    , 344    
246401756,CC Pays de Nay, 13 062    , 579    
246500482,CC de la Haute-Bigorre, 14 731    , 514    
246500573,CC Aure-Louron, 15 128    , 500    
246600282,CC Sud-Roussillon, 22 123    , 480    
246600373,CC du Vallespir, 12 627    , 556    
246600399,CC Pyrénées Cerdagne, 10 622    , 308    
246600415,CC Roussillon-Conflent, 9 755    , 414    
246600423,CC Agly Fenouillèdes, 4 840    , 177    
246600449,CC des Aspres, 10 538    , 416    
246600464,CC Pyrénées Catalanes, 18 628    , 422    
246600548,CC du Haut Vallespir, 10 746    , 247    
246700306,CC de la Vallée de la Bruche, 11 289    , 506    
246700488,Eurométropole de Strasbourg, 243 507    , 15 236    
246700744,CC des Portes de Rosheim, 8 568    , 487    
246700777,CC de la Vallée de Villé, 5 741    , 266    
246700843,CC de la Basse-Zorn, 7 339    , 533    
246700926,CC du Pays de Wissembourg, 8 019    , 453    
246700959,CC du Pays de la Zorn, 6 744    , 365    
246700967,CC de Sélestat, 17 744    , 1 301    
246701064,CC de la Région de Molsheim-Mutzig, 17 552    , 1 164    
246701080,CC du Pays de Sainte-Odile, 8 812    , 681    
246701098,CC du Pays de Niederbronn-les-Bains, 10 900    , 530    
246800205,CC de la Vallée de Saint-Amarin, 6 724    , 280    
246800395,CC du Val d'Argent, 5 330    , 237    
246800445,CC du Centre du Haut-Rhin, 6 390    , 316    
246800494,"CC du Pays de Rouffach, Vignobles et Châteaux", 6 454    , 453    
246800551,CC de la Vallée de Kaysersberg, 9 285    , 566    
246800569,CC de la Région de Guebwiller, 18 550    , 934    
246800577,CC du Pays de Ribeauvillé, 9 700    , 803    
246800585,CC de la Vallée de Munster, 9 709    , 451    
246800676,CC de la Vallée de la Doller et du Soultzbach, 7 449    , 428    
246800726,CA Colmar Agglomération, 54 657    , 3 756    
246900575,CC de l'Est Lyonnais (Ccel), 15 674    , 1 691    
246900625,CC du Pays de l'Arbresle (Ccpa), 16 081    , 962    
246900724,CC des Vallons du Lyonnais (Ccvl), 11 803    , 720    
246900740,CC du Pays Mornantais (Copamo), 11 588    , 694    
246900757,CC de la Vallée du Garon (Ccvg), 12 556    , 1 260    
246900765,CC du Pays de l'Ozon, 10 242    , 718    
247000011,CA de Vesoul, 17 282    , 1 292    
247000367,CC des Combes, 4 017    , 154    
247000623,CC des Quatre Rivières, 5 896    , 248    
247000664,CC du Pays de Lure, 9 659    , 514    
247000698,CC des Monts de Gy, 3 091    , 173    
247000706,CC du Pays Riolais, 5 480    , 254    
247000714,CC du Pays de Villersexel, 3 961    , 173    
247000722,CC du Pays d'Héricourt, 9 764    , 350    
247000755,CC du Pays de Luxeuil, 8 954    , 483    
247000821,CC Rahin et Cherimont, 5 823    , 178    
247000854,CC de la Haute Vallée de l'Ognon, 5 774    , 160    
247100290,CU Le Creusot Montceau-les-Mines, 51 736    , 2 140    
247100589,CA Le Grand Chalon, 58 818    , 3 513    
247100639,CC de Marcigny, 3 663    , 181    
247100647,CC Bresse Nord Intercom, 4 185    , 178    
247103765,CC Entre Saône et Grosne, 6 319    , 257    
247103864,CC du Canton de Semur-en-Brionnais, 3 124    , 124    
247104094,CC Sud Côte Chalonnaise, 6 602    , 352    
247200090,CC de Sablé-sur-Sarthe, 13 952    , 736    
247200132,CU Le Mans Métropole, 107 023    , 5 595    
247200348,CC du Pays Fléchois, 12 961    , 670    
247200421,CC du Sud Est du Pays Manceau, 7 168    , 307    
247200447,CC Orée de Bercé - Belinois, 8 414    , 324    
247200629,CC du Val de Sarthe, 13 142    , 498    
247200686,CC du Pays de l'huisne Sarthoise, 14 903    , 773    
247300015,CC des Vallées d'Aigueblanche, 7 686    , 231    
247300254,CC de Haute-Tarentaise, 31 921    , 1 261    
247300262,CC de Yenne, 3 740    , 174    
247300361,CC du Canton de la Chambre, 7 442    , 240    
247300452,CC Maurienne Galibier, 8 923    , 255    
247300528,CC Val Guiers, 6 045    , 340    
247300668,CC du Lac d'Aiguebelette (Ccla), 3 171    , 143    
247300676,CC Porte de Maurienne, 3 824    , 152    
247300817,CC Les Versants d'Aime, 18 957    , 581    
247400047,CC de la Vallée Verte, 4 726    , 135    
247400112,CC du Pays de Cruseilles, 6 610    , 307    
247400567,CC Fier et Usses, 6 131    , 337    
247400583,CC Arve et Salève, 8 799    , 314    
247400617,CC des Vallées de Thônes, 21 409    , 1 019    
247400666,CC des Quatre Rivières, 9 584    , 419    
247400682,CC du Haut-Chablais, 21 506    , 860    
247400690,CC du Genevois, 21 343    , 841    
247400724,CC du Pays Rochois, 11 995    , 700    
247400740,CC Rumilly Terre de Savoie, 13 167    , 621    
247400773,CC des Sources du Lac d'Annecy, 8 227    , 357    
247600497,CC du Canton de Criquetot-l'Esneval, 7 815    , 361    
247600505,CC Campagne-De-Caux, 6 261    , 293    
247600539,CC Caux Estuaire, 7 158    , 561    
247600588,CC des Villes Soeurs, 24 833    , 954    
247600596,CA Havraise (Co.D.A.H.), 118 468    , 5 437    
247600604,CC de Londinières, 2 744    , 148    
247600620,CC de la Région d'Yvetot, 12 076    , 752    
247600646,CC Caux - Austreberthe, 11 138    , 595    
247600729,CC Falaises du Talou, 10 625    , 461    
247600786,CA de la Région Dieppoise, 27 867    , 1 485    
247700032,CC Moret Seine et Loing, 18 500    , 717    
247700057,CA Melun Val de Seine, 56 741    , 3 119    
247700065,CC du Pays de l'Ourcq, 7 219    , 334    
247700107,CC Pays de Montereau, 18 238    , 924    
247700339,CA Val d'Europe Agglomération, 15 582    , 1 110    
247700438,CC Pays Créçois, 15 094    , 689    
247700594,CA Marne et Gondoire, 43 639    , 2 539    
247700644,CC l'Orée de la Brie, 10 971    , 872    
247700701,CC Brie Nangissienne, 11 160    , 563    
247800550,CC du Pays Houdanais (C.C.P.H.), 13 167    , 767    
247800584,CA Versailles Grand Parc (C.A.V.G.P.), 121 892    , 7 270    
247800618,CC Coeur d'Yvelines, 20 527    , 1 166    
247900798,CC du Thouarsais, 19 145    , 934    
248000499,CC du Val de Somme, 11 532    , 472    
248000531,CA Amiens Métropole, 91 048    , 4 808    
248000747,CC du Pays du Coquelicot, 13 843    , 715    
248100158,CC du Sor et de l'Agout, 10 622    , 524    
248100430,CA de Castres Mazamet, 41 981    , 2 476    
248100497,CC Val 81, 3 071    , 135    
248100737,CA de l'Albigeois (C2a), 43 641    , 2 726    
248100745,CC Thoré Montagne Noire, 3 355    , 163    
248200016,CC des Deux Rives, 9 798    , 492    
248200057,CC du Quercy Caussadais, 11 017    , 529    
248200065,CC de la Lomagne Tarn-et-Garonnaise, 5 149    , 317    
248200099,CA Grand Montauban, 37 140    , 2 777    
248200107,CC du Quercy Rouergue et des Gorges de l'Aveyron, 6 507    , 216    
248300394,CA Sud Sainte-Baume, 50 512    , 2 051    
248300410,CC de la Vallée du Gapeau, 13 623    , 842    
248300493,CA Dracénoise, 60 816    , 2 981    
248300543,Métropole Toulon-Provence-Méditerranée, 248 140    , 11 738    
248300550,CC Coeur du Var, 21 236    , 930    
248400053,CA Ventoux-Comtat-Venaissin (Cove), 37 035    , 2 160    
248400160,CC Aygues-Ouvèze en Provence (Ccaop), 8 745    , 548    
248400236,CC du Pays Réuni d'Orange, 21 339    , 1 553    
248400251,CA du Grand Avignon (Coga), 98 578    , 6 924    
248400285,CC Territoriale Sud-Luberon, 12 837    , 547    
248400293,CC des Sorgues du Comtat, 22 442    , 1 437    
248400319,CC du Pays des Sorgues et des Monts de Vaucluse, 17 246    , 1 021    
248400335,CC Vaison Ventoux, 11 237    , 761    
248500191,CC de l'Ile de Noirmoutier, 15 101    , 431    
248500258,CC Océan Marais de Monts, 22 844    , 651    
248500340,CC Pays de Chantonnay, 10 284    , 563    
248500415,CC du Pays de la Châtaigneraie, 7 884    , 419    
248500464,CC du Pays de Pouzauges, 10 751    , 540    
248500530,CC du Pays des Achards, 8 225    , 401    
248500563,"CC Vendée, Sèvre, Autise", 8 288    , 326    
248500589,CA La Roche-sur-Yon Agglomération, 45 881    , 2 965    
248500621,CC du Pays des Herbiers, 12 757    , 909    
248500662,CC du Pays de Mortagne, 11 646    , 638    
248600413,CA Grand Châtellerault, 45 390    , 1 971    
248600447,CC du Pays Loudunais, 13 425    , 680    
248700189,CC du Pays de Saint-Yrieix, 7 619    , 389    
248719262,CC Gartempe - Saint-Pardoux, 3 826    , 115    
248719288,CC du Val de Vienne, 7 412    , 251    
248719312,CA Limoges Métropole, 115 053    , 5 771    
248719338,CC Briance Combade, 3 769    , 133    
248719353,CC des Portes de Vassivière, 5 043    , 179    
248719361,CC de Noblat, 6 648    , 273    
248900334,CA du Grand Sénonais, 30 657    , 1 728    
248900383,CC de l'Agglomération Migennoise, 7 621    , 297    
248900524,CC de l'Aillantais, 5 873    , 197    
248900664,CC de la Vanne et du Pays d'Othe, 5 230    , 189    
248900748,CC du Gâtinais en Bourgogne, 9 380    , 293    
248900896,CC Yonne Nord, 12 222    , 412    
248900938,CC du Jovinien, 11 885    , 533    
249000241,CC du Sud Territoire, 11 142    , 399    
249100074,CC du Pays de Limours (Ccpl), 10 701    , 572    
249100157,CC des Deux Vallées, 9 181    , 494    
249100546,CC du Val d'Essonne (Ccve), 24 335    , 1 098    
249100553,CC Entre Juine et Renarde (Ccejr), 11 678    , 465    
249100595,CC Le Dourdannais en Hurepoix (Ccdh), 11 755    , 581    
249500109,CA de Cergy-Pontoise, 81 428    , 4 772    
249500430,CC Sausseron Impressionnistes, 8 257    , 502    
249500455,CC de la Vallée de l'Oise et des Trois Forêts, 16 045    , 855    
249500489,CC du Haut Val d'Oise, 15 002    , 666    
249500513,CC du Vexin-Val de Seine, 7 729    , 431    
249710047,CC de Marie-Galante, 7 975    , 270    
249710062,CA du Nord Basse-Terre, 40 042    , 1 230    
249710070,CA Grand Sud Caraïbe, 44 331    , 1 813    
249720053,CA de l'Espace Sud de la Martinique, 67 088    , 2 745    
249720061,CA du Centre de la Martinique, 85 576    , 5 801    
249730037,CC de l'Ouest Guyanais, 19 681    , 485    
249730045,CA du Centre Littoral, 49 565    , 3 278    
249730052,CC de l'Est Guyanais, 2 041    , 70    
249740077,CA Civis (Communauté Intercommunale des Villes Solidaires), 72 162    , 4 478    
249740085,CA du Sud, 53 133    , 2 075    
249740093,CA Intercommunale de la Réunion Est (Cirest), 48 929    , 2 416    
249740101,CA Territoire de la Côte Ouest (Tco), 84 030    , 5 349    
249740119,CA Intercommunale du Nord de la Réunion (Cinor), 90 527    , 5 566    
